<?xml version="1.0"?>
<pagescount>
	<html_total>1</html_total>
	<html_done>1</html_done>
	<images>3</images>
	<script>2</script>
	<css>3</css>
	<pdf/>
	<documents/>
	<excel/>
	<powerpoint/>
	<flash/>
	<audios/>
	<videos/>
	<xml/>
	<json/>
	<txt/>
	<autocad/>
	<fonts>1</fonts>
	<scraping_reload>1</scraping_reload>
	<is_pretty_url>false</is_pretty_url>
	<has_trailing_slash>false</has_trailing_slash>
	<is_ebn>false</is_ebn>
	<email>defibonk@gmail.com</email>
	<theme_name>WmdTheme815890</theme_name>
	<server_url_front_page>https://www6.waybackmachinedownloader.com/wdo/files/demo/walletswap.live_defibonk_gmail.com_ssvgj8ufjj/</server_url_front_page>
	<no_www_url>walletswap.live</no_www_url>
	<hosted_domain/>
	<original_archive_url>https://walletswap.live/</original_archive_url>
	<final_archive_url>https://walletswap.live/</final_archive_url>
	<front_page_code_date/>
	<total_urls_from_api/>
	<max_reached_live>false</max_reached_live>
	<scrape_other_captures>false</scrape_other_captures>
	<total_size>2132</total_size>
</pagescount>
